frequency_hz,velocity_m_s,inside_physical_mask,peak_energy
1.142857142857147013e+00,3.500000000000000000e+02,0.000000000000000000e+00,1.584527466772975013e-01
1.428571428571433710e+00,3.500000000000000000e+02,0.000000000000000000e+00,1.651471470948064624e-01
1.714285714285720630e+00,3.500000000000000000e+02,0.000000000000000000e+00,2.303800543964503456e-01
2.000000000000007105e+00,3.500000000000000000e+02,0.000000000000000000e+00,1.849377024151730164e-01
2.285714285714294025e+00,3.499999999999996021e+02,0.000000000000000000e+00,5.114903063629577806e-02
2.571428571428580945e+00,3.500000000000000000e+02,0.000000000000000000e+00,3.840132363606850729e-01
2.857142857142867420e+00,3.499999999999991473e+02,0.000000000000000000e+00,1.939218206119136256e-01
3.142857142857154340e+00,3.499999999998588009e+02,0.000000000000000000e+00,4.253909994676987605e-01
3.428571428571441260e+00,3.500000000000000000e+02,0.000000000000000000e+00,2.234076014858598358e-01
3.714285714285727735e+00,3.499999999929582941e+02,0.000000000000000000e+00,1.131174892598472148e-01
4.000000000000014211e+00,3.499999999779504378e+02,0.000000000000000000e+00,1.956022371574744345e-01
4.285714285714301575e+00,3.500000000000000000e+02,0.000000000000000000e+00,4.075365783427529753e-01
4.571428571428588050e+00,3.499999943966121236e+02,0.000000000000000000e+00,3.898358020208705921e-01
4.857142857142874526e+00,3.500000000000000000e+02,0.000000000000000000e+00,2.425278566310658523e-01
5.142857142857161890e+00,3.500000000000000000e+02,0.000000000000000000e+00,3.538386189196343068e-01
5.428571428571448365e+00,3.499971009345581479e+02,0.000000000000000000e+00,2.591109782294655495e-01
5.714285714285734841e+00,3.500000000000000000e+02,0.000000000000000000e+00,2.865006964633227682e-01
6.000000000000022204e+00,3.499839946889181874e+02,0.000000000000000000e+00,2.945698582911422392e-01
6.285714285714308680e+00,3.489834894522863351e+02,0.000000000000000000e+00,4.539970169640462072e-01
6.571428571428595156e+00,3.470191606869286716e+02,0.000000000000000000e+00,3.960394988075884859e-01
6.857142857142882519e+00,3.449970673046822185e+02,0.000000000000000000e+00,2.711573896616983337e-01
7.142857142857168995e+00,3.430001141887974541e+02,0.000000000000000000e+00,2.698201828810419256e-01
7.428571428571455471e+00,3.410029919787891686e+02,0.000000000000000000e+00,2.926395118225005310e-01
7.714285714285741946e+00,3.389756849483769088e+02,0.000000000000000000e+00,2.097371070224114953e-01
8.000000000000028422e+00,3.370429492003125347e+02,0.000000000000000000e+00,2.050106851792933838e-01
8.285714285714316674e+00,3.359757586428344212e+02,0.000000000000000000e+00,2.466799629340538924e-01
8.571428571428603149e+00,3.350028656884125553e+02,1.000000000000000000e+00,1.641611467662917045e-01
8.857142857142889625e+00,3.339971454164250417e+02,1.000000000000000000e+00,2.938695382528581090e-01
9.142857142857176100e+00,3.330251186697853996e+02,1.000000000000000000e+00,2.545324952969730270e-01
9.428571428571462576e+00,3.319553777218146706e+02,1.000000000000000000e+00,3.490172880898104180e-01
9.714285714285749052e+00,3.300339545709360891e+02,1.000000000000000000e+00,1.853231764521744707e-01
1.000000000000003553e+01,3.279233760518555414e+02,1.000000000000000000e+00,5.560738252508295315e-02
1.028571428571432378e+01,3.260899519247446392e+02,1.000000000000000000e+00,1.125109785962346842e-01
1.057142857142861025e+01,3.270178244297186438e+02,1.000000000000000000e+00,2.807531194027437227e-01
1.085714285714289673e+01,3.299362547211126184e+02,1.000000000000000000e+00,2.615624958504284558e-01
1.114285714285718321e+01,3.330069732600850330e+02,1.000000000000000000e+00,1.448668757165938459e-01
1.142857142857146968e+01,3.370233307452264171e+02,1.000000000000000000e+00,2.567081631527231012e-01
1.171428571428575616e+01,3.430033297964267831e+02,1.000000000000000000e+00,4.505939895900882286e-01
1.200000000000004441e+01,3.500000000000000000e+02,1.000000000000000000e+00,4.973070312702689844e-01
1.228571428571433088e+01,3.484307703449400151e+02,1.000000000000000000e+00,4.905139715829395231e-01
1.257142857142861736e+01,3.091419247515063944e+02,1.000000000000000000e+00,5.056045036301136664e-01
1.285714285714290384e+01,2.739274253599751887e+02,1.000000000000000000e+00,5.001857597155208168e-01
1.314285714285719031e+01,2.469498572949231914e+02,1.000000000000000000e+00,5.521505650290975398e-01
1.342857142857147679e+01,2.250344030401468842e+02,1.000000000000000000e+00,5.304687691661921223e-01
1.371428571428576504e+01,2.070059523820496281e+02,1.000000000000000000e+00,5.490108689254854513e-01
1.400000000000005151e+01,1.918801039694778581e+02,1.000000000000000000e+00,4.319259767178078024e-01
1.428571428571433799e+01,1.790280175563391651e+02,1.000000000000000000e+00,3.308933052913996531e-01
1.457142857142862447e+01,1.684459000986570061e+02,1.000000000000000000e+00,4.081473793256252258e-01
1.485714285714291094e+01,1.597660891943073409e+02,1.000000000000000000e+00,3.254543674033578138e-01
1.514285714285719742e+01,1.516995486870492869e+02,1.000000000000000000e+00,3.286187348165389710e-01
1.542857142857148389e+01,1.437625904372428636e+02,1.000000000000000000e+00,2.958796842313050623e-01
1.571428571428577214e+01,1.363492700092563439e+02,1.000000000000000000e+00,3.523522921333437918e-01
1.600000000000005684e+01,1.300382938456278339e+02,1.000000000000000000e+00,3.129218314090703723e-01
1.628571428571434510e+01,1.248737085584284898e+02,1.000000000000000000e+00,3.069610883874039353e-01
1.657142857142863335e+01,1.207805699145976206e+02,1.000000000000000000e+00,3.303504145336974562e-01
1.685714285714291805e+01,1.176576960691254072e+02,1.000000000000000000e+00,2.670893912018801331e-01
1.714285714285720630e+01,1.149527182087228852e+02,1.000000000000000000e+00,3.535130345397959895e-01
1.742857142857149100e+01,1.123436141628352374e+02,1.000000000000000000e+00,2.867189486487198846e-01
1.771428571428577925e+01,1.096822980659277249e+02,1.000000000000000000e+00,2.844753656928308838e-01
1.800000000000006395e+01,1.067653961317543860e+02,1.000000000000000000e+00,2.835535404108800450e-01
1.828571428571435220e+01,1.037500136840646263e+02,1.000000000000000000e+00,3.545478553625548424e-01
1.857142857142864045e+01,1.009616157389269944e+02,1.000000000000000000e+00,3.723718149686643386e-01
1.885714285714292515e+01,9.843513399821090104e+01,1.000000000000000000e+00,3.370679295217376414e-01
1.914285714285721340e+01,9.617786722590075499e+01,1.000000000000000000e+00,2.926552982020597660e-01
1.942857142857149810e+01,9.403369064267009492e+01,1.000000000000000000e+00,3.811790531551632055e-01
1.971428571428578636e+01,9.175151030648224548e+01,1.000000000000000000e+00,4.143403787946886574e-01
2.000000000000007105e+01,8.921872182896024128e+01,1.000000000000000000e+00,3.809141602090403977e-01
2.028571428571435931e+01,8.690556965394600297e+01,1.000000000000000000e+00,4.027567682041165997e-01
2.057142857142864756e+01,8.493842320435986437e+01,1.000000000000000000e+00,4.026826782613354139e-01
2.085714285714293226e+01,8.355670150984852285e+01,1.000000000000000000e+00,3.761913995322016535e-01
2.114285714285722051e+01,8.296261575176427527e+01,0.000000000000000000e+00,3.925174943797652416e-01
2.142857142857150521e+01,8.266276043902610127e+01,0.000000000000000000e+00,4.503793125156824173e-01
2.171428571428579346e+01,8.227305417435374579e+01,0.000000000000000000e+00,4.795310334730842339e-01
2.200000000000008171e+01,8.201114775514572841e+01,0.000000000000000000e+00,4.650297734759569201e-01
2.228571428571436641e+01,8.140788325285355143e+01,0.000000000000000000e+00,4.200524353624116025e-01
2.257142857142865466e+01,8.011739458901929822e+01,0.000000000000000000e+00,4.398041732632158585e-01
2.285714285714293936e+01,7.904683921120620482e+01,0.000000000000000000e+00,4.532561574263798132e-01
2.314285714285722761e+01,7.903405189832778888e+01,0.000000000000000000e+00,4.513824040934263926e-01
2.342857142857151231e+01,8.018391378976936323e+01,0.000000000000000000e+00,3.792529169499860298e-01
2.371428571428580057e+01,8.061443002086758725e+01,0.000000000000000000e+00,3.956725986823829144e-01
2.400000000000008882e+01,7.954926083331591258e+01,0.000000000000000000e+00,3.980909510116287242e-01
2.428571428571437352e+01,7.765567421295656914e+01,0.000000000000000000e+00,3.739383097771434294e-01
2.457142857142866177e+01,7.630861051690607155e+01,0.000000000000000000e+00,3.943399173762614507e-01
2.485714285714294647e+01,7.566585707157419449e+01,0.000000000000000000e+00,3.919002463074308662e-01
2.514285714285723472e+01,7.521754390548710489e+01,0.000000000000000000e+00,3.960831992869257578e-01
2.542857142857151942e+01,7.498904019211697403e+01,0.000000000000000000e+00,4.215083823836426880e-01
2.571428571428580767e+01,7.472119640424378417e+01,0.000000000000000000e+00,4.531118685496173804e-01
2.600000000000009592e+01,7.425994447069535909e+01,0.000000000000000000e+00,4.538886057129798979e-01
2.628571428571438062e+01,7.404068912514620138e+01,0.000000000000000000e+00,4.268722380211005807e-01
2.657142857142866887e+01,7.398165442348516763e+01,0.000000000000000000e+00,4.330950928641984499e-01
2.685714285714295357e+01,7.374802212132105694e+01,0.000000000000000000e+00,4.533268624657104118e-01
2.714285714285724183e+01,7.324426373899096632e+01,0.000000000000000000e+00,4.548829381227062485e-01
2.742857142857153008e+01,7.299539857420140265e+01,0.000000000000000000e+00,4.746565191905032233e-01
2.771428571428581478e+01,7.297783338313838897e+01,0.000000000000000000e+00,5.003177733721851927e-01
2.800000000000010303e+01,7.302340024601954838e+01,0.000000000000000000e+00,5.204135094347150936e-01
2.828571428571438773e+01,7.303071387498859224e+01,0.000000000000000000e+00,5.238911631116004441e-01
2.857142857142867598e+01,7.280122916002167699e+01,0.000000000000000000e+00,5.234701358676252525e-01
2.885714285714296068e+01,7.224832132867349799e+01,0.000000000000000000e+00,5.084948823942065932e-01
2.914285714285724893e+01,7.199592110380905297e+01,0.000000000000000000e+00,4.625073146403091418e-01
2.942857142857153718e+01,7.199854910466349622e+01,0.000000000000000000e+00,4.485642284917958356e-01
2.971428571428582188e+01,7.200481587404442507e+01,0.000000000000000000e+00,4.514654801365036718e-01
3.000000000000011013e+01,7.176764523582934885e+01,0.000000000000000000e+00,4.532797189619687250e-01
3.028571428571439483e+01,7.123969273805612090e+01,0.000000000000000000e+00,4.371498126674401297e-01
3.057142857142868309e+01,7.098949895808665644e+01,0.000000000000000000e+00,4.447846766489869097e-01
3.085714285714296778e+01,7.096786514952324865e+01,0.000000000000000000e+00,4.883578593386005973e-01
3.114285714285725604e+01,7.098947467764297414e+01,0.000000000000000000e+00,4.779643316649138107e-01
3.142857142857154429e+01,7.099778380248562826e+01,0.000000000000000000e+00,4.859968769048689796e-01
3.171428571428582899e+01,7.100161546607023411e+01,0.000000000000000000e+00,5.245571563454486386e-01
3.200000000000011369e+01,7.102460331058324527e+01,0.000000000000000000e+00,5.600147287877044189e-01
3.228571428571440549e+01,7.104762457427599998e+01,0.000000000000000000e+00,5.990621657515966536e-01
3.257142857142869019e+01,7.082795187747521481e+01,0.000000000000000000e+00,6.250501529623680996e-01
3.285714285714297489e+01,7.018169135449352325e+01,0.000000000000000000e+00,5.968577836307717988e-01
3.314285714285726669e+01,6.996534852099890145e+01,0.000000000000000000e+00,5.332880175530622102e-01
3.342857142857155139e+01,6.998257680056995866e+01,0.000000000000000000e+00,5.076908474954964223e-01
3.371428571428583609e+01,7.000025029283476385e+01,0.000000000000000000e+00,4.661218540692226853e-01
3.400000000000012079e+01,7.000127059237392757e+01,0.000000000000000000e+00,4.695247515799392257e-01
3.428571428571441260e+01,6.999991934428311424e+01,0.000000000000000000e+00,4.851181500447799833e-01
3.457142857142869730e+01,6.999970243345421750e+01,0.000000000000000000e+00,4.698572344587436111e-01
3.485714285714298200e+01,7.000277944129548757e+01,0.000000000000000000e+00,5.625222132887692794e-01
3.514285714285727380e+01,7.000680977412551442e+01,0.000000000000000000e+00,5.907629079322213039e-01
3.542857142857155850e+01,6.997270759446803368e+01,0.000000000000000000e+00,6.060940316907695857e-01
3.571428571428584320e+01,6.985605847226096898e+01,0.000000000000000000e+00,5.111255651194760441e-01
3.600000000000012790e+01,7.029119295174078275e+01,0.000000000000000000e+00,4.711390561209176653e-01
3.628571428571441970e+01,7.301910201230239750e+01,0.000000000000000000e+00,4.088067633526920042e-01
3.657142857142870440e+01,7.677723890713151889e+01,0.000000000000000000e+00,3.258817181317530953e-01
3.685714285714298910e+01,7.979509779813429304e+01,0.000000000000000000e+00,3.505474687774013942e-01
3.714285714285728091e+01,8.121813081455569261e+01,0.000000000000000000e+00,3.927865391407914797e-01
3.742857142857156560e+01,8.169914679939091684e+01,0.000000000000000000e+00,3.525973798948761062e-01
3.771428571428585030e+01,8.191412518420543165e+01,0.000000000000000000e+00,3.958899859176754910e-01
3.800000000000013500e+01,8.178108055269798626e+01,0.000000000000000000e+00,4.119882713141514441e-01
3.828571428571442681e+01,8.126989447665711452e+01,0.000000000000000000e+00,4.240226173499919704e-01
3.857142857142871151e+01,8.067001170747307981e+01,0.000000000000000000e+00,4.020293170954695738e-01
3.885714285714299621e+01,8.010695595521725920e+01,0.000000000000000000e+00,3.986873643608536688e-01
3.914285714285728801e+01,7.997059045552107648e+01,0.000000000000000000e+00,3.316168460525632522e-01
3.942857142857157271e+01,7.999091227538400517e+01,0.000000000000000000e+00,3.651199137586587651e-01
3.971428571428585741e+01,8.000707547566381095e+01,0.000000000000000000e+00,3.163215748577009045e-01
4.000000000000014211e+01,8.001113173012338109e+01,0.000000000000000000e+00,4.450547593166990223e-01
4.028571428571443391e+01,7.984287501800899634e+01,0.000000000000000000e+00,4.005965238625640579e-01
4.057142857142871861e+01,7.961233607586962080e+01,0.000000000000000000e+00,3.738475585095454301e-01
4.085714285714300331e+01,8.186868749007730628e+01,0.000000000000000000e+00,5.056062028307704015e-01
4.114285714285729512e+01,8.838455694061853762e+01,0.000000000000000000e+00,3.569873515142715781e-01
4.142857142857157982e+01,9.050044811300509195e+01,0.000000000000000000e+00,3.673691124412739595e-01
4.171428571428586451e+01,8.995147044806856229e+01,0.000000000000000000e+00,4.053122725827446593e-01
4.200000000000014921e+01,8.933510159032951492e+01,0.000000000000000000e+00,3.917087198167072404e-01
4.228571428571444102e+01,8.980193384435013115e+01,0.000000000000000000e+00,3.883443791797595024e-01
4.257142857142872572e+01,9.008994153526298021e+01,0.000000000000000000e+00,3.740204744235378631e-01
4.285714285714301042e+01,8.989230226728423645e+01,0.000000000000000000e+00,4.332395426812611361e-01
4.314285714285730222e+01,8.916386400535961343e+01,0.000000000000000000e+00,4.254007846551808858e-01
4.342857142857158692e+01,8.876076058869868746e+01,0.000000000000000000e+00,3.711536539316168115e-01
4.371428571428587162e+01,8.810898012039878324e+01,0.000000000000000000e+00,4.361590668044724728e-01
4.400000000000016342e+01,8.798162718891452982e+01,0.000000000000000000e+00,4.631949750002567479e-01
4.428571428571444812e+01,8.820514486877225124e+01,0.000000000000000000e+00,5.004744417391405742e-01
4.457142857142873282e+01,8.787328400832596742e+01,0.000000000000000000e+00,4.803595038214051871e-01
4.485714285714301752e+01,8.444777612795775212e+01,0.000000000000000000e+00,5.979278882398009198e-01
4.514285714285730933e+01,7.812395962558996132e+01,0.000000000000000000e+00,3.397395642161761264e-01
4.542857142857159403e+01,7.320103619482053148e+01,0.000000000000000000e+00,3.660019682421071785e-01
4.571428571428587873e+01,7.167033016272046098e+01,0.000000000000000000e+00,3.600444512330119862e-01
4.600000000000017053e+01,7.323075573480764433e+01,0.000000000000000000e+00,4.266957202345174061e-01
4.628571428571445523e+01,7.707650639224175393e+01,0.000000000000000000e+00,4.267039273771102703e-01
4.657142857142873993e+01,7.984181486243514314e+01,0.000000000000000000e+00,4.115553721424691780e-01
4.685714285714302463e+01,8.148120338521313499e+01,0.000000000000000000e+00,4.305319146461986102e-01
4.714285714285731643e+01,8.202823138611348952e+01,0.000000000000000000e+00,5.031845754248995828e-01
4.742857142857160113e+01,8.215422325773623413e+01,0.000000000000000000e+00,4.950372548803800843e-01
4.771428571428588583e+01,8.230901685446423244e+01,0.000000000000000000e+00,3.739369687351142835e-01
4.800000000000017764e+01,8.140911141849258570e+01,0.000000000000000000e+00,4.869760896535547667e-01
4.828571428571446233e+01,7.831589350439625719e+01,0.000000000000000000e+00,4.145875986506324384e-01
4.857142857142874703e+01,7.576023693464105691e+01,0.000000000000000000e+00,3.621920309188475517e-01
4.885714285714303173e+01,7.487151672413857284e+01,0.000000000000000000e+00,3.406001174980384238e-01
4.914285714285732354e+01,7.345792787566367110e+01,0.000000000000000000e+00,3.582299019232239035e-01
4.942857142857160824e+01,6.869177736506989618e+01,0.000000000000000000e+00,3.985115362851953114e-01
4.971428571428589294e+01,6.533616671695652656e+01,0.000000000000000000e+00,4.218929043380694188e-01
